Ranked This Week,Ranked Last Week,Player Name,Events,Average Points,Total Points,Points Lost,Points Gained,
1,1,Brooks Koepka,41,9.88,405.16,-24.36,1.91,
2,2,Rory McIlroy,49,9.09,445.21,-22.31,0,
3,3,Jon Rahm,48,8.02,384.89,-18.29,6.72,
4,4,Justin Thomas,47,7.7,361.77,-18.9,48,
5,5,Dustin Johnson,41,6.8,278.7,-19.92,7.84,
6,7,Tiger Woods,40,6.26,250.25,-12.87,0,
7,6,Patrick Cantlay,45,6.19,278.59,-14.06,16.31,
8,9,Justin Rose,47,6.05,284.52,-18.82,15.6,
9,8,Xander Schauffele,50,5.97,298.73,-14.92,24,
10,10,Tommy Fleetwood,52,5.76,299.52,-15.19,21.67,
11,11,Webb Simpson,46,5.19,238.7,-13.58,18.4,
12,12,Patrick Reed,52,4.83,251.15,-14.67,24,
13,13,Adam Scott,44,4.64,204.08,-9.71,0,
14,18,Louis Oosthuizen,48,4.58,219.99,-8.35,31.2,
15,14,Gary Woodland,52,4.49,233.73,-12.67,7.84,
16,15,Tony Finau,52,4.49,233.73,-14.95,8.6,
17,16,Bryson DeChambeau,52,4.36,226.84,-18.07,0,
18,17,Paul Casey,51,4.36,222.35,-13.18,5.46,
19,19,Shane Lowry,52,4.33,224.97,-9.9,12,
20,24,Matt Kuchar,52,4.23,219.88,-11.26,30.56,
21,20,Francesco Molinari,45,4.15,186.93,-14.8,0,
22,23,Bernd Wiesberger,40,4.11,164.3,-5.43,7.25,
23,21,Hideki Matsuyama,52,4.04,210.05,-8.41,4.22,
24,25,Matthew Fitzpatrick,52,3.96,206.06,-9.04,21.67,
25,22,Rickie Fowler,44,3.93,172.75,-11.07,15.56,
26,26,Henrik Stenson,45,3.35,150.64,-6.93,1.5,
27,27,Kevin Na,48,3.31,159.1,-9.27,5.14,
28,28,Marc Leishman,49,3.2,156.97,-9.72,2.11,
29,63,Lee Westwood,42,3.12,130.95,-4.19,50,
30,39,Abraham Ancer,52,3.11,161.71,-6.69,25.57,
31,29,Danny Willett,52,3.07,159.62,-6.81,0,
32,30,Kevin Kisner,52,3.03,157.48,-8.8,15.91,
33,31,Cameron Smith,52,2.97,154.55,-7.49,46,
34,35,Sungjae Im,52,2.96,153.94,-6.73,7.6,
35,34,Tyrrell Hatton,51,2.95,150.23,-7.53,0,
36,33,Shugo Imahira,52,2.92,152.03,-5.45,0,
37,32,Matt Wallace,52,2.9,151.06,-9.18,0,
38,38,Jazz Janewattananond,52,2.84,147.55,-5.32,16.4,
39,36,Billy Horschel,52,2.78,144.5,-8.06,0,
40,37,Chez Reavie,52,2.77,144.22,-8.67,2.35,
41,45,Victor Perez,50,2.72,136.1,-3.93,21.67,
42,41,Sergio Garcia,50,2.7,135.05,-8.24,7.25,
43,42,Rafa Cabrera Bello,52,2.62,136.04,-8.51,5.15,
44,40,Jason Day,41,2.55,104.6,-10.48,0,
45,43,Jordan Spieth,47,2.37,111.44,-7.55,0,
46,48,Erik van Rooyen,52,2.36,122.52,-4.8,6.91,
47,44,Byeong Hun An,52,2.33,121.08,-7.22,0,
48,47,Brandt Snedeker,52,2.29,119.12,-6.99,4.22,
49,51,Andrew Putnam,51,2.29,116.72,-6.9,5,
50,46,Ian Poulter,52,2.28,118.48,-8.48,0,
51,66,Scottie Scheffler,40,2.28,91.03,-2.49,16,
52,49,Adam Hadwin,48,2.27,108.73,-6.76,0,
53,50,Keegan Bradley,52,2.21,114.7,-7.81,4.22,
54,60,Shaun Norris,52,2.2,114.45,-4.12,10.71,
55,53,Collin Morikawa,40,2.14,85.56,-2.48,10.44,
56,52,Bubba Watson,44,2.14,93.99,-10.94,0,
57,58,Brendon Todd,40,2.11,84.38,-0.47,6.22,
58,54,Joaquin Niemann,49,2.1,102.81,-4.48,10.56,
59,56,Corey Conners,52,2.08,108.38,-4.39,7.46,
60,57,Charles Howell III,52,2.07,107.46,-6.1,4.22,
61,55,Eddie Pepperell,46,2.06,94.96,-6.62,0,
62,59,Tom Lewis,52,2.02,105.16,-5.08,0,
63,62,Chan Kim,40,1.96,78.35,-1.77,0,
64,61,Jim Furyk,40,1.95,78.06,-4.3,0,
65,64,Jason Kokrak,50,1.91,95.67,-5.38,0,
66,74,Paul Waring,45,1.91,85.75,-3.23,5.15,
67,65,Robert MacIntyre,52,1.88,98.01,-3.29,0,
68,68,Michael Lorenzo-Vera,45,1.88,84.72,-3.68,1.91,
69,67,J.T. Poston,52,1.88,97.68,-3.88,7.42,
70,73,Branden Grace,52,1.87,97.34,-5.06,35.88,
71,69,Haotong Li,52,1.85,96.16,-6.93,1.7,
72,71,Ryan Palmer,44,1.85,81.19,-4.34,15.31,
73,75,Cameron Champ,52,1.83,94.93,-4.32,6.78,
74,70,C.T. Pan,52,1.81,94.32,-5.47,0,
75,76,Kurt Kitayama,49,1.81,88.59,-3.16,1.91,
76,72,Lucas Glover,48,1.8,86.31,-4.32,0,
77,77,Andrea Pavan,52,1.76,91.32,-5.01,0,
78,82,Alex Noren,52,1.74,90.36,-8.52,5.66,
79,80,Matthias Schwab,52,1.74,90.28,-2.86,1.46,
80,83,Ryo Ishikawa,46,1.73,79.38,-2.95,1.35,
81,78,Justin Harding,52,1.72,89.57,-6.13,1.2,
82,79,Phil Mickelson,47,1.72,80.67,-8.79,0,
83,81,Marcus Kinhult,47,1.71,80.27,-3.1,0,
84,85,Thomas Pieters,52,1.69,87.92,-4.6,2.18,
85,84,Rory Sabbatini,52,1.66,86.1,-4.43,2.6,
86,86,Lucas Bjerregaard,52,1.64,85.13,-6,0,
87,88,Joost Luiten,40,1.63,65.29,-3.61,1.46,
88,87,Sung Kang,52,1.63,84.63,-4.01,2.55,
89,89,Nate Lashley,45,1.59,71.51,-3.02,3.24,
90,90,Christiaan Bezuidenhout,52,1.56,81.18,-3.07,0,
91,105,Ryan Moore,46,1.55,71.5,-4.49,6.9,
92,91,Benjamin Hebert,50,1.55,77.53,-3.2,0,
93,92,Danny Lee,52,1.54,80.23,-3.33,0,
94,93,Lanto Griffin,52,1.52,79.24,-2.66,13.1,
95,98,Vaughn Taylor,52,1.51,78.61,-3.03,5.44,
96,94,Viktor Hovland,40,1.5,60.15,-2.22,0,
97,96,Jung-gon Hwang,52,1.5,77.88,-2.63,0,
98,104,Sebastián Muñoz,52,1.5,77.84,-3.17,6.18,
99,97,Matt Jones,52,1.5,77.84,-2.23,1.57,
100,100,Graeme McDowell,50,1.5,74.78,-3.29,14.08,
101,95,Joel Dahmen,52,1.49,77.62,-3.94,4.22,
102,102,Matthew Wolff,40,1.47,58.62,-1.81,6,
103,101,Keith Mitchell,52,1.46,75.79,-4.77,2.04,
104,109,Rikuya Hoshino,52,1.46,75.75,-3.39,4.38,
105,108,Jorge Campillo,52,1.45,75.4,-5.2,1.91,
106,99,Thorbjørn Olesen,40,1.45,57.92,-5.21,0,
107,106,Dylan Frittelli,52,1.45,75.25,-4.29,2.12,
107,240,Andrew Landry,52,1.45,75.25,-3.63,40,
109,103,J.B. Holmes,48,1.44,69.27,-5.23,2.16,
110,116,Romain Langasque,52,1.4,72.56,-3.06,1.91,
111,113,Russell Knox,52,1.39,72.09,-5.34,3.28,
112,111,Scott Piercy,51,1.38,70.27,-4.24,1.26,
113,110,Emiliano Grillo,51,1.37,70.11,-5.79,2.6,
114,114,Adam Long,52,1.36,70.87,-3.07,2.73,
115,115,Kiradech Aphibarnrat,52,1.36,70.72,-6.35,1.46,
116,127,Martin Kaymer,52,1.36,70.67,-3.29,7.25,
117,107,Si Woo Kim,52,1.35,70.23,-5.42,0,
118,112,Guido Migliozzi,44,1.35,59.32,-2.24,0,
119,117,Calum Hill,40,1.35,53.88,-2.05,0,
120,119,Adri Arnaus,52,1.33,69.38,-3.49,1.2,
121,118,Thomas Detry,52,1.33,69.02,-2.87,1.4,
122,124,Francesco Laporta,48,1.3,62.61,-1.45,3.88,
123,120,Aaron Wise,49,1.29,63,-5.33,0,
124,121,Kyle Stanley,52,1.27,66.2,-6.19,0,
125,130,Andy Sullivan,50,1.26,63.18,-3.32,7.84,
126,125,Pat Perez,45,1.26,56.84,-3.1,1.26,
127,123,Brian Harman,52,1.26,65.66,-4.56,4.08,
128,122,Max Homa,52,1.26,65.58,-2.76,2.55,
129,131,Gunn Charoenkul,52,1.26,65.29,-1.46,10.54,
130,154,Joohyung Kim,40,1.23,49.19,-0.98,9.25,
131,126,Kevin Streelman,52,1.22,63.43,-3.91,0,
132,129,Scott Vincent,52,1.22,63.32,-2.96,0,
133,128,Harold Varner III,52,1.22,63.21,-3.35,0,
134,134,Mikumu Horikawa,52,1.2,62.4,-2.21,1.82,
135,132,Kevin Tway,52,1.19,61.82,-4.05,0,
136,133,Xinjun Zhang,52,1.18,61.3,-2.77,0,
137,137,Sebastian Soderberg,52,1.17,60.92,-2.95,1.46,
138,135,Brian Stuard,52,1.17,60.65,-2.99,0,
139,136,Brad Kennedy,46,1.16,53.46,-1.99,0,
140,139,Brendan Jones,41,1.14,46.91,-2.31,0,
141,138,Sanghyun Park,52,1.13,58.88,-3.57,0,
142,182,Bud Cauley,42,1.13,47.34,-2.18,10.8,
143,147,Jordan L Smith,51,1.11,56.79,-3.08,2.72,
144,140,Mikko Korhonen,47,1.11,52.13,-3.57,0,
145,144,Wade Ormsby,51,1.11,56.54,-1.52,21.2,
146,141,Troy Merritt,50,1.1,55.15,-3.28,0,
147,143,Carlos Ortiz,52,1.09,56.78,-2.3,0,
148,142,Harry Higgs,49,1.09,53.22,-1.82,0,
149,145,Matthew Southgate,52,1.08,56.04,-2.65,0,
150,148,Jason Scrivener,52,1.07,55.48,-2.17,0,
151,146,Denny McCarthy,52,1.06,55.36,-2.96,0,
152,152,Daniel Berger,45,1.04,46.95,-3.39,3.27,
153,159,Doc Redman,40,1.04,41.55,-1.55,1.7,
154,151,Ryuko Tokimatsu,52,1.04,53.99,-2.91,0,
155,150,Luke List,52,1.02,53.12,-5.51,0,
156,153,Ryan Fox,52,1.02,53.09,-4.04,0,
157,160,JC Ritchie,42,1.02,42.74,-2.55,7.5,
158,157,Kazuki Higa,50,1.01,50.49,-2.03,1.35,
159,155,Andrew Johnston,40,1.01,40.28,-2.42,0,
160,149,Joachim B Hansen,52,1.01,52.29,-3,0,
161,156,Jhonattan Vegas,50,1,50.09,-3.26,0,
162,158,Tyler Duncan,52,1,51.87,-1.22,3.24,
163,162,Brendan Steele,47,0.99,46.68,-2.17,28.82,
164,164,Jaco Ahlers,42,0.99,41.59,-1.89,11.44,
165,209,Sepp Straka,52,0.98,50.98,-1.99,10.8,
166,161,Robby Shelton,52,0.97,50.61,-2.12,0,
167,168,Yuta Ikeda,52,0.96,50.14,-2.64,2.28,
168,175,Masahiro Kawamura,52,0.96,49.85,-2.48,3.88,
169,163,Pablo Larrazabal,49,0.95,46.54,-2.17,0,
170,165,Wyndham Clark,52,0.94,48.94,-2.43,0,
171,167,Zack Sucher,40,0.94,37.46,-1.53,0,
172,178,Joakim Lagergren,49,0.93,45.75,-2.49,2.72,
173,166,Charley Hoffman,52,0.93,48.11,-3.74,0,
174,170,Ho Sung Choi,52,0.92,47.98,-1.86,0,
175,177,Jack Senior,52,0.92,47.98,-1.47,10.82,
176,171,Kristoffer Ventura,40,0.92,36.83,-1.51,0,
177,194,Rashid Khan,43,0.92,39.46,-1.1,7.9,
178,215,Tom Hoge,52,0.9,47.02,-2.33,11.12,
179,172,Richard Sterne,47,0.9,42.47,-2.3,0,
180,181,Chesson Hadley,52,0.9,46.75,-3.89,1.7,
181,169,George Coetzee,52,0.9,46.69,-2.17,5.12,
182,183,Nicolas Colsaerts,52,0.9,46.57,-1.64,1.46,
183,176,Matthew Jordan,40,0.89,35.74,-1.18,0,
184,174,Aaron Rai,52,0.89,46.24,-2.66,0,
185,173,Brian Gay,52,0.89,46.13,-3.03,0,
186,238,Ross Fisher,48,0.89,42.48,-3.04,9.5,
187,179,Darius Van Driel,44,0.88,38.69,-1.73,0,
188,223,Sam Burns,52,0.87,45.36,-3.27,6.9,
189,187,Mark Hubbard,52,0.87,45.12,-1.76,1.22,
190,197,Sebastian Heisele,44,0.87,38.18,-1.05,2.72,
191,186,Bronson Burgoon,48,0.87,41.57,-2.59,1.22,
192,192,Zander Lombard,52,0.86,44.96,-1.8,1.91,
193,184,Antoine Rozner,52,0.86,44.8,-1.72,0,
194,180,Kalle Samooja,51,0.86,43.92,-1.98,0,
195,198,John Catlin,52,0.86,44.53,-2.6,3.48,
196,191,Nick Watney,52,0.86,44.49,-3.27,1.7,
197,201,Brandon Stone,52,0.86,44.47,-2.59,2.72,
198,199,David Lipsky,52,0.85,44.23,-2.55,2.18,
199,185,Harris English,52,0.85,44.14,-2.32,0,
200,189,Rasmus Hojgaard,40,0.84,33.78,-0.55,0,
201,190,Yi Keun Chang,41,0.84,34.32,-1.41,1.92,
202,216,Talor Gooch,49,0.83,40.54,-2.24,3.1,
203,188,Alexander Björk,49,0.83,40.54,-3.98,0,
204,231,Sam Horsfield,52,0.82,42.82,-2.63,5.15,
205,217,Gavin Kyle Green,52,0.82,42.61,-2.05,5.28,
206,196,Ryan Armour,52,0.82,42.5,-2.85,0,
207,193,Julian Suri,44,0.82,35.89,-2.77,0,
208,195,Beau Hossler,52,0.81,42.14,-4.01,0,
209,230,Adam Schenk,52,0.8,41.83,-1.93,3.8,
210,203,Seungsu Han,52,0.8,41.7,-1.98,0,
211,200,Zach Johnson,45,0.8,35.9,-3.16,2.11,
211,202,Satoshi Kodaira,52,0.8,41.48,-4.14,0,
213,208,Henrik Norlander,52,0.79,41,-1.52,6.44,
214,206,Shota Akiyoshi,50,0.79,39.41,-2.43,0,
215,218,Cameron Tringale,50,0.79,39.37,-1.4,1.22,
216,212,Takumi Kanaya,40,0.78,31.28,-0.24,0,
217,207,Stewart Cink,43,0.78,33.57,-3.08,0,
218,204,Michael Thompson,49,0.78,38.2,-2.33,1.57,
219,205,Adrian Otaegui,52,0.78,40.49,-4.06,0,
220,211,Yosuke Asaji,51,0.77,39.48,-1.53,0,
221,214,Scott Harrington,43,0.77,33.27,-1.13,0,
222,227,Richie Ramsay,49,0.77,37.79,-1.6,1.46,
223,209,Lucas Herbert,46,0.77,35.2,-2.76,0,
224,213,Brice Garnett,52,0.76,39.66,-2.93,0,
225,219,Min Woo Lee,40,0.76,30.38,-0.94,2.56,
226,222,K.T. Kim,47,0.76,35.65,-0.82,0,
227,220,Maverick Antcliff,49,0.76,37.14,-1.35,3.36,
228,255,Miguel Tabuena,40,0.75,30.2,-1.43,5.1,
229,225,Robin Roussel,48,0.75,35.95,-1.28,0,
230,224,Zac Blair,52,0.75,38.83,-1.47,0,
231,242,Scott Hend,52,0.75,38.79,-1.99,3.88,
232,221,Adrian Meronk,47,0.74,34.79,-1.18,0,
233,229,Nick Taylor,52,0.73,38.18,-1.92,1.86,
234,228,Kramer Hickok,52,0.73,38.04,-2.32,1.26,
235,226,Oliver Wilson,47,0.72,34.07,-2.04,0,
236,298,Scott Jamieson,49,0.72,35.51,-1.55,7.25,
237,251,Tomoharu Otsuki,52,0.72,37.67,-1.33,6.05,
238,266,Thriston Lawrence,45,0.71,31.91,-1.16,5.41,
239,235,Steven Brown,52,0.71,36.83,-0.9,0,
240,237,P. Tangkamolpraser,52,0.71,36.69,-1.03,0,
241,232,Russell Henley,51,0.7,35.93,-2.93,0,
242,236,Fabián Gómez,52,0.7,36.6,-1.57,0,
243,241,Yoshinori Fujimoto,41,0.7,28.77,-1.86,0,
244,239,Hiroshi Iwata,46,0.69,31.94,-1.6,0,
245,233,Charl Schwartzel,40,0.69,27.78,-2.63,0,
246,234,Jimmy Walker,46,0.69,31.75,-3.47,1.26,
247,259,Cameron Davis,52,0.69,35.68,-2.04,8.14,
248,243,Suradit Yongcharoenchai,52,0.69,35.66,-1.4,0,
249,244,Shubhankar Sharma,52,0.68,35.59,-3.17,0,
250,258,Sam Ryder,51,0.68,34.78,-2.41,3.81,
251,259,Sean Crocker,45,0.68,30.68,-2,1.46,
252,263,Louis de Jager,52,0.68,35.41,-1.78,2.03,
253,271,Matthew NeSmith,47,0.68,31.78,-0.92,4.96,
254,409,Darren Fichardt,50,0.67,33.7,-2.04,14,
255,248,Naoki Sekito,40,0.67,26.93,-0.92,2.93,
256,273,Renato Paratore,52,0.67,34.95,-1.47,2.72,
257,245,Dean Burmester,52,0.67,34.87,-2.6,0,
258,247,Chris Stroud,49,0.67,32.85,-1.82,0,
259,250,Roger Sloan,52,0.67,34.76,-1.97,0,
260,246,Robert Streb,52,0.67,34.65,-1.99,0,
261,277,Chase Seiffert,40,0.67,26.63,-1.14,3.78,
262,249,Chris Paisley,47,0.66,31.25,-2.78,0,
263,253,Wil Besseling,41,0.66,27.24,-0.84,0,
264,252,Richy Werenski,52,0.66,34.36,-2.41,0,
265,254,Peter Malnati,52,0.66,34.27,-1.92,4.22,
266,261,Hiroyuki Fujita,46,0.66,30.17,-0.89,0,
267,257,Kelly Kraft,52,0.65,33.78,-2.63,0,
268,262,Richard Bland,52,0.65,33.72,-1.14,1.76,
269,264,Sebi Garcia,43,0.64,27.48,-1.09,0,
270,256,Aaron Baddeley,48,0.64,30.66,-2.07,0,
271,265,Jason Dufner,48,0.63,30.29,-2.45,0,
272,269,Bo Hoag,52,0.63,32.6,-0.99,6.44,
273,268,Toshinori Muto,50,0.63,31.34,-1.31,0,
274,270,Cormac Sharvin,46,0.62,28.63,-1.17,0,
275,274,Joel Sjöholm,48,0.62,29.79,-0.91,0,
276,306,Danie van Tonder,48,0.62,29.71,-1.59,3.36,
277,274,Ricardo Santos,42,0.62,25.96,-1.09,0,
278,272,Mackenzie Hughes,52,0.62,32.1,-1.82,0,
279,312,Hank Lebioda,52,0.61,31.95,-1.33,3.1,
280,276,Connor Syme,52,0.61,31.86,-1.52,1.76,
281,296,Johannes Veerman,44,0.61,26.84,-1.1,4.71,
282,281,Shiv Kapur,42,0.61,25.62,-0.72,1.45,
283,267,Scott Stallings,52,0.61,31.66,-2.85,0,
284,289,"Ted Potter, Jr.",50,0.61,30.41,-3.22,9.24,
285,309,Kyoung-Hoon Lee,52,0.61,31.47,-1.94,2.22,
286,284,Andrew Dodt,45,0.61,27.23,-0.91,0,
287,282,Jim Herman,40,0.6,24.18,-0.92,2.35,
288,283,Sadom Kaewkanjana,40,0.6,24.15,-0.98,2.93,
289,300,Yuki Inamori,51,0.6,30.77,-2.26,1.82,
290,285,Oliver Farr,47,0.6,28.33,-1.14,1.4,
291,280,Austin Cook,52,0.6,31.27,-2.55,0,
292,279,Peter Uihlein,52,0.6,31.26,-2.97,0,
293,278,Josh Younger,45,0.6,27.05,-0.43,0,
294,286,Justin Walters,52,0.6,31.23,-1.31,0,
295,287,Ignacio Elvira Mijares,52,0.6,30.95,-2.05,0,
296,288,Hyungjoon Lee,40,0.59,23.7,-1.35,0,
297,290,Jake McLeod,42,0.59,24.59,-1.62,0,
298,291,Wes Roach,52,0.58,30.38,-1.6,0,
299,292,Jonas Blixt,44,0.58,25.49,-1.49,0,
300,293,Matt Every,51,0.58,29.47,-1.59,0,
301,296,Cameron Percy,44,0.58,25.41,-1.34,0,
302,294,Fabrizio Zanotti,40,0.57,22.99,-1.58,0,
303,301,Soomin Lee,52,0.57,29.72,-1.42,0,
304,305,Phachara Khongwatmai,52,0.57,29.67,-0.75,1.2,
305,299,J.J. Spaun,52,0.57,29.59,-2.43,0,
305,303,Matthew Griffin,48,0.57,27.31,-1.43,0,
307,302,Sihwan Kim,51,0.57,28.91,-2.03,0,
308,307,D.J. Trahan,40,0.57,22.61,-0.73,2.11,
309,340,Kousuke Hamamoto,40,0.56,22.57,-0.71,2.54,
310,295,Kodai Ichihara,51,0.56,28.73,-1.94,0,
311,368,Ryosuke Kinoshita,44,0.56,24.52,-0.73,4.94,
312,392,Richard Lee,46,0.56,25.63,-0.81,6.24,
313,311,Nelson Ledesma,52,0.56,28.87,-1.59,0,
314,308,Carl Yuan,42,0.55,23.11,-0.85,0,
315,304,Rhys Enoch,52,0.55,28.56,-1.74,1.21,
316,315,Jeongwoo Ham,40,0.55,21.92,-0.95,0,
317,314,Alvaro Quiros,46,0.55,25.18,-1.53,0,
318,310,Alexander Levy,49,0.55,26.81,-3.18,0,
319,316,Josh Teater,52,0.54,28.27,-1.58,0,
320,332,Bryce Easton,52,0.54,28.26,-1.38,1.37,
321,344,Edoardo Molinari,52,0.54,28.23,-1.29,2.72,
322,321,Suteepat Prateeptienchai,40,0.54,21.63,-0.51,0,
323,313,Richard Jung,42,0.54,22.69,-0.79,0,
324,318,Ewen Ferguson,51,0.54,27.5,-1.4,0,
325,341,Daijiro Izumida,47,0.54,25.33,-0.84,1.82,
326,320,Anthony Quayle,49,0.54,26.33,-1.23,0,
327,319,Prom Meesawat,49,0.54,26.28,-1.44,1.45,
328,322,Callum Shinkwin,44,0.53,23.52,-1.26,0,
329,335,Angelo Que,51,0.53,27.2,-1.49,2.8,
330,323,Y.E. Yang,52,0.53,27.62,-1.66,0,
331,317,Jeff Winther,48,0.53,25.46,-1.39,1.21,
332,382,Jack Singh Brar,52,0.53,27.56,-1.57,5.15,
333,327,Bobby Bai,40,0.53,21.19,-0.31,0,
334,324,Patton Kizzire,52,0.53,27.54,-3.03,0,
335,326,Bio Kim,40,0.53,21.15,-0.92,0,
336,328,Ajeetesh Sandhu,47,0.52,24.51,-0.92,0,
337,345,Steve Surry,47,0.52,24.42,-1.12,3.03,
338,330,Katsumasa Miyamoto,45,0.52,23.38,-0.85,0,
339,329,Jose-Filipe Lima,48,0.52,24.85,-1.32,0,
339,331,Nino Bertasio,52,0.52,26.92,-1.34,2.56,
341,422,Sebastian Cappelen,52,0.52,26.86,-1.11,6.9,
342,325,Padraig Harrington,50,0.52,25.81,-1.48,0,
343,333,Ryan Brehm,52,0.51,26.63,-1.09,0,
344,335,Jeunghun Wang,52,0.51,26.53,-1.34,0,
345,334,Sang-hee Lee,51,0.51,25.96,-1.47,0,
346,352,Augusto Núñez,44,0.51,22.39,-0.68,1.22,
347,397,Poom Saksansin,52,0.51,26.34,-1.86,4.94,
348,338,Scott Brown,52,0.5,26.1,-1.43,0,
349,337,Grant Forrest,52,0.5,26.01,-1.76,0,
350,339,Miguel Angel Carballo,52,0.5,25.95,-1.49,0,
351,342,Shawn Stefani,52,0.49,25.73,-1.45,0,
352,362,Ashley Chesters,52,0.49,25.59,-1.49,1.46,
353,343,Adilson da Silva,44,0.49,21.55,-1.47,0,
354,355,Andres Romero,42,0.49,20.51,-0.96,0,
355,346,Kwanchai Tannin,44,0.49,21.47,-0.92,0,
356,353,Mark Anderson,45,0.49,21.94,-1.22,2.6,
357,347,Kyongjun Moon,40,0.49,19.46,-0.85,0,
358,348,Josh Geary,47,0.49,22.81,-1.06,0,
359,350,Rhein Gibson,52,0.48,25.09,-1.57,0,
360,349,Martin Laird,51,0.48,24.39,-2.04,0,
361,351,Atomu Shigenaga,40,0.48,19.02,-1.34,0,
362,354,Robert Rock,43,0.47,20.37,-1.53,0,
363,357,Tapio Pulkkanen,52,0.47,24.61,-1.26,2.56,
364,360,Zecheng Dou,45,0.47,21.15,-0.61,0,
365,356,Gaganjeet Bhullar,51,0.47,23.91,-2.19,0,
366,358,Ashun Wu,52,0.47,24.33,-1.78,0,
367,359,Martin Trainer,52,0.47,24.31,-1.91,1.96,
368,361,Jbe' Kruger,52,0.47,24.3,-1.23,0,
369,363,Paul Barjon,40,0.47,18.66,-0.77,0,
370,364,Lars Van Meijel,47,0.47,21.88,-0.85,0,
371,463,Grayson Murray,42,0.46,19.42,-1.4,5,
372,366,Dimi Papadatos,51,0.46,23.32,-1.85,0,
373,556,John Oda,40,0.45,18.14,-0.78,7,
374,365,Martin Rohwer,45,0.45,20.4,-0.76,5.12,
375,373,Johnson Wagner,44,0.45,19.91,-1.29,0,
376,418,Travis Smyth,49,0.45,22.06,-0.37,5.04,
377,369,David Law,52,0.45,23.35,-1.7,0,
378,380,Kyung-Nam Kang,50,0.45,22.43,-0.72,0,
379,372,Hugo León,49,0.45,21.85,-0.9,0,
380,370,Ben Stow,46,0.45,20.5,-0.98,0,
381,375,Wang Wei Lun,40,0.44,17.79,-0.35,0,
382,374,Paul Dunne,49,0.44,21.75,-2.22,0,
383,367,Patrick Rodgers,51,0.44,22.57,-2.29,1.57,
384,371,Stephen Gallacher,48,0.44,21.21,-1.56,0,
385,377,Chikkarangappa S.,49,0.44,21.59,-1.02,0,
386,379,Juvic Pagunsan,40,0.44,17.54,-0.95,0,
387,405,Danthai Boonma,52,0.44,22.77,-1.39,1.82,
388,378,Lorenzo Gagli,52,0.44,22.69,-1.61,0,
389,375,Michael Gellerman,44,0.43,18.94,-0.95,1.57,
390,386,Robin Sciot-Siegrist,51,0.43,21.92,-0.62,0,
391,384,Wonjoon Lee,46,0.43,19.72,-1.15,0,
392,385,Oscar Lengden,42,0.43,17.97,-0.98,0,
393,410,David Hearn,49,0.43,20.95,-0.89,1.42,
394,381,Chris Wood,40,0.43,17.02,-2.26,0,
394,404,Søren Kjeldsen,51,0.43,21.7,-1.39,1.2,
396,387,Micah Shin,40,0.42,16.99,-0.7,0,
397,389,Todd Clements,40,0.42,16.98,-0.52,0,
398,436,Philip Eriksson,40,0.42,16.93,-0.83,2.03,
399,391,Taylor Pendrith,40,0.42,16.88,-0.66,0,
400,388,Jean-Paul Strydom,40,0.42,16.85,-1.1,0,
401,414,Maverick McNealy,52,0.42,21.85,-1.11,1.42,
402,394,Chris Kirk,40,0.42,16.79,-2.2,0,
403,400,Koumei Oda,43,0.42,18.01,-0.95,0,
404,395,Nicolai Hojgaard,40,0.42,16.75,-0.72,0,
404,396,Sami Valimaki,40,0.42,16.75,-0.65,0,
406,398,Aaron Pike,40,0.42,16.7,-0.43,0,
407,383,Tyler McCumber,44,0.42,18.35,-1.4,0,
408,399,Richard Mansell,40,0.41,16.59,-0.7,0,
409,390,Trey Mullinax,43,0.41,17.76,-1.88,0,
410,393,Todd Baek,51,0.41,21.06,-0.81,0,
411,402,Udayan Mane,40,0.41,16.38,-0.44,0,
412,633,Dylan Wu,40,0.41,16.34,-0.42,7,
413,403,Eirik Tage Johansen,40,0.4,16.19,-0.87,0,
414,407,Dale Whitnell,40,0.4,16.14,-0.59,0,
415,401,Maximilian Kieffer,50,0.4,20.13,-1.62,0,
416,452,Tim Wilkinson,52,0.4,20.84,-0.84,4.08,
417,411,Emilio Cuartero Blanco,43,0.4,17.13,-0.65,0,
418,405,Brett Coletta,41,0.39,16.14,-0.77,0,
419,415,K.J. Choi,40,0.39,15.72,-0.67,0,
420,412,David Drysdale,52,0.39,20.35,-1.58,0,
421,417,Daan Huizing,49,0.39,19.16,-1.08,0,
422,413,Anirban Lahiri,52,0.39,20.32,-1.66,0,
423,416,Hyun-woo Ryu,52,0.39,20.27,-1.43,0,
424,445,Oliver Fisher,52,0.39,20.24,-1.42,1.46,
425,424,Grégory Havret,51,0.39,19.81,-1.12,0,
426,420,Christopher Sahlstrom,40,0.39,15.53,-0.61,0,
427,464,Michael Gligic,45,0.39,17.47,-0.86,2.22,
428,408,Kevin Chappell,40,0.39,15.48,-2.5,0,
429,421,Ross McGowan,52,0.39,20.07,-1.26,0,
430,430,Denzel Ieremia,40,0.38,15.32,-0.17,0,
431,426,Lorenzo Scalise,40,0.38,15.25,-0.5,2.56,
432,425,Niklas Lemke,49,0.38,18.65,-1.09,0,
433,467,Jaco Van Zyl,40,0.38,15.23,-0.47,2.77,
434,431,Aman Raj,40,0.38,15.19,-0.37,0,
435,419,Doug Ghim,44,0.38,16.65,-0.96,0,
435,,Tommy Gainey,40,0.38,15.13,-0.08,14,
437,428,Sung -Kug Park,40,0.38,15.12,-0.79,0,
438,433,Luke Donald,40,0.38,15.05,-0.69,0,
439,435,Edoardo Raffael Lipparelli,40,0.38,15.03,-0.52,0,
440,423,Neil Schietekat,51,0.37,19.12,-1.45,0,
441,434,Hudson Swafford,40,0.37,14.88,-1.06,0,
442,427,Jang Dong-Kyu,52,0.37,19.33,-0.91,0,
443,437,Matthieu Pavon,52,0.37,19.29,-1.24,0,
444,442,Mike Hendry,51,0.37,18.9,-0.44,0,
445,520,Zach Murray,40,0.37,14.78,-0.68,2.72,
446,428,Doyeob Mun,45,0.37,16.57,-1.05,0,
447,443,Hyung-seok Seo,40,0.37,14.7,-0.65,0,
448,444,Hendrik Du Plessis,40,0.37,14.68,-0.54,5.12,
449,438,Panuphol Pittayarat,52,0.37,19.06,-1.38,0,
450,439,Stephan Jaeger,52,0.37,19.01,-1.55,0,
451,432,Peter Karmis,50,0.37,18.25,-1.48,1.4,
452,545,George Cunningham,40,0.36,14.52,-0.89,3.22,
453,446,Steven Tiley,42,0.36,15.19,-0.85,0,
454,448,Huilin Zhang,42,0.36,15.18,-0.61,0,
454,447,Shingo Katayama,40,0.36,14.45,-0.62,0,
456,450,Jake Knapp,40,0.36,14.39,-0.59,0,
457,440,Itthipat Buranatanya,47,0.36,16.89,-1.04,0,
458,441,Jake Roos,44,0.36,15.73,-1.05,0,
459,460,Ernie Els,47,0.36,16.75,-1.09,0,
460,454,Akio Sadakata,40,0.36,14.24,-0.44,0,
461,455,Jamie Donaldson,40,0.36,14.21,-0.56,0,
462,457,Jared Wolfe,47,0.35,16.68,-0.61,0,
463,449,Dominic Bozzelli,52,0.35,18.43,-1.31,0,
464,458,Chris Baker,52,0.35,18.37,-0.78,0,
465,451,Kim Koivu,52,0.35,18.36,-1.66,0,
466,460,Niklas Norgaard Moller,47,0.35,16.54,-0.6,0,
467,456,Seamus Power,52,0.35,18.29,-1.41,0,
468,453,Tae-woo KIM,42,0.35,14.72,-0.46,1.92,
469,465,Garrick Higgo,40,0.35,13.82,-0.6,0,
470,459,Jean Hugo,49,0.34,16.82,-0.81,1.76,
471,471,Jamie Arnold,52,0.34,17.78,-0.7,0,
472,470,Lorens Chan,40,0.34,13.67,-0.58,0,
473,465,Hideto Tanihara,52,0.34,17.73,-1.49,0,
474,468,Joey Garber,49,0.34,16.67,-1.21,0,
475,474,Victor Dubuisson,40,0.34,13.6,-0.62,0,
476,462,Tae Hee Lee,44,0.34,14.95,-0.93,0,
477,469,Thomas Aiken,46,0.34,15.57,-1.35,0,
478,472,Liam Johnston,52,0.34,17.55,-1.51,0,
479,476,Roberto Díaz,52,0.34,17.5,-0.98,0,
480,473,Bill Haas,48,0.34,16.14,-1.35,0,
481,475,Marcus Armitage,44,0.34,14.74,-0.23,12.8,
482,492,Jonathan Byrd,45,0.33,15.06,-0.85,0,
483,476,Lee Slattery,52,0.33,17.36,-1.36,0,
484,482,Sarit Suwannarut,40,0.33,13.26,-0.66,0,
485,485,Jung Ji-ho,40,0.33,13.26,-0.66,0,
486,478,Ockert Strydom,50,0.33,16.51,-0.71,0,
487,488,Terumichi Kakazu,40,0.33,13.15,-0.72,0,
488,480,Joseph Bramlett,52,0.33,17.07,-1.11,1.26,
489,491,Clément Sordet,50,0.33,16.41,-0.93,1.4,
490,487,Matthew Millar,40,0.33,13.09,-1.16,0,
490,494,Bernard Ritthammer,50,0.33,16.36,-0.68,0,
492,484,Berry Henson,42,0.33,13.74,-1.25,0,
493,479,Steve Lewton,43,0.33,14.06,-0.69,0,
494,486,Roberto Castro,41,0.33,13.37,-1.2,0,
495,653,Jacques Kruyswijk,52,0.33,16.93,-1.08,5.6,
496,493,Anton Karlsson,43,0.32,13.95,-1.01,0,
497,481,Merrick Bremner,46,0.32,14.92,-0.93,0,
498,495,Brandon Hagy,40,0.32,12.93,-0.7,0,
499,499,Ryan Blaum,49,0.32,15.8,-1.46,0,
500,489,Toto Thimba,45,0.32,14.49,-0.68,0,
501,482,Michael Palmer,41,0.32,13.18,-0.97,0,
502,496,Quincy Quek,41,0.32,13.17,-0.6,0,
503,497,Benjamin Henry Poke,46,0.32,14.77,-0.65,0,
504,499,Joshua Creel,40,0.32,12.83,-0.52,0,
505,559,Vincent Whaley,40,0.32,12.82,-0.54,1.7,
506,499,Mathieu Fenasse,48,0.32,15.31,-0.87,0,
507,502,Trevor Sluman,40,0.32,12.75,-0.69,0,
508,490,Yuta Kinoshita,42,0.32,13.37,-0.99,0,
509,503,Siddikur Rahman,44,0.32,13.94,-0.69,0,
510,505,Ryuji Masaoka,42,0.32,13.29,-0.38,0,
511,504,Max McGreevy,40,0.32,12.65,-0.53,0,
512,498,Scott Langley,51,0.31,16,-1.77,0,
513,510,Rikard Karlberg,40,0.31,12.54,-0.46,0,
514,509,Frederic LaCroix,40,0.31,12.53,-0.5,0,
515,507,Ben Leong,42,0.31,13.12,-0.8,0,
516,506,David Horsey,46,0.31,14.36,-0.99,0,
517,511,Settee Prakongvech,41,0.31,12.8,-0.56,0,
518,512,Bradley Dredge,44,0.31,13.65,-0.8,0,
519,,Matias Calderon,40,0.31,12.28,-0.7,8.4,
520,508,Sam Saunders,46,0.31,14.11,-1.55,0,
521,514,Ondrej Lieser,40,0.31,12.23,-0.7,0,
522,571,Mikiya Akutsu,40,0.31,12.21,-0.5,1.35,
523,518,Laurie Canter,48,0.3,14.58,-0.7,0,
524,517,Matthew Baldwin,51,0.3,15.48,-0.85,1.21,
525,678,Danny Masrin,43,0.3,13.04,-0.4,3.9,
526,515,David Coupland,40,0.3,12.13,-0.76,0,
527,573,Adam Svensson,52,0.3,15.76,-1.36,2.03,
528,519,Han Lee,40,0.3,12.11,-0.6,0,
528,520,Rafael Campos,52,0.3,15.75,-1.05,0,
530,524,Seonghyeon Kim,40,0.3,12.1,-0.37,0,
531,522,Vince Covello,52,0.3,15.69,-0.82,0,
532,516,Keith Horne,52,0.3,15.66,-0.93,2.56,
532,523,Wen-Tang Lin,40,0.3,12.04,-0.65,0,
534,527,Malcolm Mitchell,40,0.3,12.04,-0.3,0,
535,525,Jinichiro Kozuma,48,0.3,14.4,-0.58,0,
536,526,Daehyun Kim,40,0.3,11.99,-0.48,0,
537,527,Evan Harmeling,40,0.3,11.96,-0.57,0,
538,513,Charlie Saxon,48,0.3,14.33,-1.48,0,
539,530,Hurly Long,40,0.3,11.92,-0.51,0,
540,614,Mathinus Viljoen,44,0.3,13.08,-0.15,2.38,
541,537,Dylan Perry,40,0.3,11.86,-0.28,0,
542,570,Trevor Fisher Jr,44,0.3,13.02,-0.69,3.13,
543,669,Will Zalatoris,40,0.3,11.84,-0.35,3.22,
544,532,Sung-Ho Lee,40,0.3,11.83,-0.69,0,
545,534,Kshitij Kaul,40,0.3,11.81,-0.56,0,
546,531,Eom Jae-woong,40,0.29,11.79,-0.82,0,
547,536,Daniel Greene,40,0.29,11.76,-0.67,0,
548,535,Seunghyuk Kim,52,0.29,15.26,-0.94,0,
549,529,Anders Albertson,51,0.29,14.95,-1.44,0,
550,655,Sean O'Hair,40,0.29,11.67,-1.41,3.22,
551,540,Marcus Fraser,48,0.29,13.93,-0.71,0,
552,541,David Bransdon,49,0.29,14.21,-0.64,0,
553,538,Alex Prugh,52,0.29,15.08,-1.07,0,
554,539,Galam Jeon,40,0.29,11.55,-0.78,0,
555,533,Nicolas Echavarria,44,0.29,12.68,-0.79,0,
556,615,Ryan Ruffels,40,0.29,11.43,-0.37,1.56,
557,542,Chase Wright,52,0.29,14.84,-1.39,0,
558,555,Romain Wattel,49,0.29,13.98,-0.96,0,
559,547,Chan Shih-chang,52,0.29,14.83,-0.73,1.92,
560,553,Rob Oppenheim,52,0.28,14.8,-0.62,2.6,
561,551,Yoseop Seo,40,0.28,11.37,-0.47,0,
562,546,Marcel Schneider,52,0.28,14.75,-0.95,0,
563,548,Tatsunori Nukaga,40,0.28,11.32,-0.68,0,
564,550,Haydn Porteous,52,0.28,14.71,-1,0,
565,554,Gudmundur Kristjansson,41,0.28,11.59,-0.48,0,
566,544,Nick Voke,40,0.28,11.26,-1.06,0,
567,549,Allen John,40,0.28,11.25,-0.87,0,
568,557,Karandeep Kochhar,40,0.28,11.23,-0.36,0,
569,650,José de Jesús Rodríguez,52,0.28,14.57,-1.09,3.22,
570,543,Jack Harrison,46,0.28,12.78,-0.87,1.2,
570,561,Kristoffer Reitan,40,0.28,11.11,-0.38,0,
572,552,Gavin Moynihan,51,0.28,14.15,-0.59,0,
573,563,Damien Perrier,50,0.28,13.84,-0.56,0,
574,565,Jonathan Caldwell,40,0.28,11.06,-0.44,0,
575,560,Benjamin Follett-Smith,40,0.28,11.03,-0.69,0,
576,558,Rory Hie,50,0.28,13.78,-0.37,0,
577,562,Jim Knous,40,0.27,10.97,-0.79,0,
577,566,Jarryd Felton,40,0.27,10.97,-0.57,0,
579,567,Gonzalo Fernandez-Castaño,52,0.27,14.21,-1.17,0,
580,564,Kevin Dougherty,52,0.27,14.2,-1.12,0,
581,568,Kim Tae-hoon,40,0.27,10.91,-0.63,0,
582,572,Darren Beck,40,0.27,10.86,-0.29,0,
583,577,Steve Wheatcroft,42,0.27,11.4,-0.62,0,
584,569,Brian Campbell,47,0.27,12.73,-0.76,0,
585,574,Innchoon Hwang,40,0.27,10.72,-0.52,0,
586,578,Ryuichi Oiwa,40,0.27,10.67,-0.31,0,
587,602,Ollie Schniederjans,52,0.27,13.86,-1.87,1.56,
588,582,Donlaphatchai Niyomchon,40,0.26,10.54,-0.36,0,
588,579,Erik Compton,44,0.26,11.59,-0.72,0,
590,576,Thongchai Jaidee,41,0.26,10.79,-0.82,0,
591,575,Ruan Conradie,44,0.26,11.54,-0.49,0,
592,585,Patrick Fishburn,40,0.26,10.47,-0.42,0,
592,580,James Morrison,52,0.26,13.61,-0.69,0,
594,584,Terry Pilkadaris,44,0.26,11.5,-0.57,2.93,
595,590,Sangmoon Bae,44,0.26,11.48,-0.97,0,
596,588,M. Dharma,40,0.26,10.41,-0.3,0,
597,586,Moritz Lampert,47,0.26,12.23,-0.68,0,
598,587,Taihei Sato,40,0.26,10.37,-0.64,0,
599,591,Ren Yonezaw,40,0.26,10.34,-0.36,0,
600,599,David Gleeson,40,0.26,10.27,-0.18,2.93,
601,581,Whee Kim,52,0.26,13.33,-1.54,0,
601,593,Ben Taylor,52,0.26,13.34,-1.03,0,
603,594,Nicolai Dellingshausen,48,0.26,12.26,-0.62,0,
604,601,Shamim Khan,40,0.26,10.21,-0.15,0,
605,598,Cyril Bouniol,40,0.26,10.21,-0.37,0,
606,591,John Chin,47,0.25,11.98,-0.98,0,
607,589,Hennie Otto,43,0.25,10.95,-0.28,1.21,
608,597,Stephen Ferreira,40,0.25,10.18,-0.51,0,
609,638,Dan McCarthy,46,0.25,11.68,-0.72,1.22,
610,603,Adrien Saddier,50,0.25,12.65,-0.51,0,
611,600,Mathiam Keyser,45,0.25,11.35,-0.74,0,
612,582,Richard McEvoy,50,0.25,12.59,-1.42,0,
613,607,Haraldur Magnus,41,0.25,10.29,-0.37,0,
614,606,Andres Gallegos,48,0.25,12.01,-0.54,0,
614,604,Christofer Blomstrand,46,0.25,11.51,-0.69,0,
616,612,Veer Ahlawat,40,0.25,10,-0.12,0,
617,608,David Kocher,40,0.25,9.99,-0.44,0,
618,596,Paul Peterson,51,0.25,12.74,-1.4,1.2,
619,610,Leandro Marelli,40,0.25,9.96,-0.24,0,
620,611,Cheng Jin,40,0.25,9.94,-0.32,0,
621,595,Viraj Madappa,46,0.25,11.41,-0.85,0,
622,615,Patrick Flavin,40,0.25,9.9,-0.29,0,
623,613,Brandon Crick,41,0.25,10.14,-0.41,0,
624,609,Ben Crane,41,0.25,10.06,-0.89,0,
625,618,Chad Campbell,47,0.25,11.52,-1.06,0,
626,604,Marcelo Rozo,44,0.24,10.76,-0.66,0,
627,617,Steven Alker,41,0.24,10,-0.5,0,
627,619,Supakorn Utaipat,52,0.24,12.68,-0.36,0,
629,623,Yoshikazu Haku,40,0.24,9.71,-0.24,0,
630,620,Yanwei Liu,52,0.24,12.61,-0.47,0,
630,622,Brett Rankin,40,0.24,9.7,-0.28,0,
632,621,Jun-won Park,45,0.24,10.86,-0.54,0,
633,627,Federico MacCario,42,0.24,10.06,-0.19,0,
634,625,Andrew Martin,41,0.24,9.82,-0.26,0,
635,625,Robert Karlsson,46,0.24,10.9,-0.66,0,
636,690,Julián Etulain,52,0.24,12.24,-1.2,1.56,
637,631,John Somers,40,0.23,9.37,-0.31,0,
638,624,Yuwa Kosaihira,49,0.23,11.47,-0.69,0,
639,634,George McNeill,40,0.23,9.33,-0.46,0,
640,637,Tom Whitney,40,0.23,9.25,-0.25,0,
641,630,Ben Silverman,52,0.23,12.02,-1.01,0,
642,635,Jarin Todd,40,0.23,9.24,-0.57,0,
643,628,Alex Haindl,40,0.23,9.22,-1.05,0,
644,629,Anthony Michael,47,0.23,10.78,-0.64,0,
645,639,Jonathan Garrick,40,0.23,9.15,-0.38,0,
646,644,Alex Cejka,45,0.23,10.28,-0.62,0,
647,632,Jacques Blaauw,52,0.23,11.87,-0.81,2.56,
648,636,Hyowon Park,50,0.23,11.36,-1,0,
649,640,Mukesh Kumar,40,0.23,9.06,-0.33,0,
650,713,Tomoyasu Sugiyama,40,0.23,9.03,-0.32,1.2,
651,648,Nirun Sae-Ueng,40,0.23,9.01,-0.17,0,
652,642,Jakraphan Premsirigorn,40,0.22,8.98,-0.44,0,
653,654,Samuel Del Val,48,0.22,10.77,-0.51,0,
653,643,Hanmil Jung,40,0.22,8.97,-0.47,0,
655,646,Enrico Di Nitto,44,0.22,9.85,-0.4,0,
656,645,Nicholas Fung,52,0.22,11.62,-0.63,0,
657,649,Chapchai Nirat,48,0.22,10.68,-0.95,0,
658,647,Kyle Jones,52,0.22,11.48,-1.07,0,
659,641,Oliver Bekker,52,0.22,11.44,-1.05,0,
660,652,Drew Weaver,40,0.22,8.79,-0.53,0,
661,655,Ryutaro Nagano,50,0.22,10.98,-0.49,0,
662,658,Elias Bertheussen,49,0.22,10.75,-0.51,0,
663,651,Curtis Luck,52,0.22,11.39,-0.82,0,
664,659,Kevin Techakanokboon,40,0.22,8.71,-0.47,0,
665,665,Nick Flanagan,40,0.22,8.69,-0.25,0,
666,731,Justin Lower,49,0.22,10.57,-0.7,1.56,
667,663,Martin Simonsen,49,0.22,10.56,-0.59,0,
668,660,Santiago Tarrio,40,0.22,8.6,-0.72,0,
669,667,Lee Hodges,40,0.21,8.59,-0.47,0,
670,666,Blayne Barber,43,0.21,9.22,-0.61,0,
671,671,Justin Shin,40,0.21,8.56,-0.41,0,
672,668,Jon Thomson,44,0.21,9.42,-0.6,0,
673,672,Motin Yeung,40,0.21,8.55,-0.5,0,
674,677,David Pastore,40,0.21,8.54,-0.33,0,
674,675,Chad Ramey,50,0.21,10.67,-0.53,0,
674,676,Ugo Coussaud,44,0.21,9.39,-0.44,0,
677,661,Julien Guerrier,40,0.21,8.51,-0.93,0,
678,680,Naoto Nakanishi,40,0.21,8.5,-0.35,0,
679,664,Harrison Endycott,40,0.21,8.49,-0.89,0,
679,684,Atiruj Winaicharoenc,40,0.21,8.48,-0.2,0,
681,734,Hur In-hoi,44,0.21,9.33,-0.18,1.2,
682,670,Hunter Mahan,44,0.21,9.32,-0.86,0,
682,662,Keenan Davidse,47,0.21,9.95,-0.58,0,
684,682,Luke Kwon,40,0.21,8.47,-0.36,0,
684,688,Greg Chalmers,40,0.21,8.46,-0.23,0,
686,684,Roope Kakko,40,0.21,8.44,-0.32,0,
687,684,Andrew Wilson,40,0.21,8.44,-0.34,0,
688,693,Campbell Rawson,40,0.21,8.43,,0,
689,689,Trevor Simsby,40,0.21,8.42,-0.34,0,
689,655,Jamie Lovemark,40,0.21,8.41,-1.52,0,
691,683,Jeonghyeob Hyun,40,0.21,8.39,-0.54,0,
692,674,Stuart Manley,52,0.21,10.9,-1.26,0,
693,691,Cho Min-jun,44,0.21,9.15,-0.49,0,
694,672,Tyson Alexander,42,0.21,8.73,-0.61,0,
695,684,Trevor Immelman,40,0.21,8.29,-0.74,0,
696,678,Brandon Harkins,52,0.21,10.77,-1.44,0,
697,696,Jeremiah Kim,40,0.21,8.27,-0.2,0,
698,680,Justin De Los Santos,42,0.21,8.68,-0.43,0,
699,691,Thanyakorn Khrongpha,49,0.21,10.09,-0.85,0,
700,697,Shintaro Kobayashi,40,0.21,8.23,-0.28,0,
701,699,Lee Jaekyeong,40,0.21,8.22,-0.29,0,
702,698,Charlie Danielson,40,0.21,8.21,-0.32,0,
703,694,Jacob Glennemo,43,0.2,8.81,-0.76,0,
704,700,Jonathan Randolph,46,0.2,9.42,-0.45,0,
705,695,Daisuke Kataoka,52,0.2,10.63,-0.84,0,
706,703,Julien Foret,40,0.2,8.1,-0.34,0,
707,701,Henric Sturehed,50,0.2,10.11,-0.55,0,
708,704,Andrew Svoboda,40,0.2,8.07,-0.36,0,
709,705,Hung Chien-yao,40,0.2,8.06,-0.32,0,
710,758,Will Wilcox,40,0.2,8.02,-0.78,1.22,
711,707,Tomoyo Ikemura,44,0.2,8.8,-0.86,0,
712,706,Robbie Van West,48,0.2,9.52,-0.59,0,
713,708,Deyen Lawson,47,0.2,9.29,-0.48,0,
714,702,Jacobus Prinsloo,47,0.2,9.28,-0.52,0,
715,711,Clinton Grobler,40,0.2,7.88,-0.27,0,
716,710,Jinho Choi,47,0.2,9.23,-0.59,0,
717,709,Shunya Takeyasu,43,0.2,8.42,-0.64,0,
718,712,Woojin Jung,44,0.2,8.61,-0.4,0,
719,716,Hayden Buckley,40,0.19,7.76,-0.29,0,
720,714,T.J. Vogel,40,0.19,7.76,-0.42,0,
721,720,James Marchesani,52,0.19,9.97,-0.2,0,
722,717,Oscar Zetterwall,40,0.19,7.63,-0.42,0,
723,722,Oliver Hundebol Jorgensen,40,0.19,7.6,-0.29,0,
724,726,Nicholas Lindheim,41,0.19,7.78,-0.74,0,
724,721,Alfie Plant,40,0.19,7.59,-0.33,0,
724,717,Sungyeol Kwon,40,0.19,7.59,-0.48,0,
727,723,Martin Wiegele,40,0.19,7.58,-0.27,0,
728,728,Harry Hall,40,0.19,7.55,-0.13,3.84,
729,724,WC Liang,43,0.19,8.08,-0.45,0,
730,715,Austin Smotherman,45,0.19,8.44,-0.66,0,
731,725,Max Schmitt,49,0.19,9.18,-0.51,0,
732,736,Ricardo Celia,40,0.19,7.43,-0.05,0,
732,719,Janne Kaske,47,0.19,8.73,-0.52,0,
734,733,Chris Thompson,47,0.19,8.71,-0.86,0,
735,727,James Allan,42,0.18,7.73,-0.2,0,
736,735,Eric Sugimoto,40,0.18,7.36,-0.31,0,
737,874,Ben Martin,40,0.18,7.34,-0.52,2.96,
738,729,Aksel Olsen,40,0.18,7.33,-0.75,0,
738,738,Thanapath Pichaikul,40,0.18,7.33,-0.26,0,
740,730,Jens Dantorp,52,0.18,9.52,-0.92,0,
741,739,Kieran Muir,40,0.18,7.3,-0.32,0,
742,741,Matthew Spacey,40,0.18,7.3,-0.23,0,
743,737,Cameron John,40,0.18,7.28,-0.49,0,
744,743,Chiehpo Lee,41,0.18,7.43,-0.35,0,
744,746,Aaron Cockerill,40,0.18,7.24,-0.24,0,
746,732,Michael Kim,52,0.18,9.41,-1.15,0,
747,944,Davis Riley,40,0.18,7.23,-0.21,2.24,
748,743,Luke Guthrie,41,0.18,7.4,-0.43,0,
749,742,Billy Kennerly,46,0.18,8.28,-0.58,0,
750,753,Tom Power-Horan,40,0.18,7.2,,0,
751,748,Dawie van der Walt,48,0.18,8.61,-0.41,0,
752,747,Ben Evans,52,0.18,9.32,-0.57,0,
753,752,SSP Chawrasia,52,0.18,9.31,-0.18,1.2,
754,754,Mikael Lundberg,40,0.18,7.13,-0.13,0,
755,750,Kade McBride,40,0.18,7.12,-0.3,0,
756,740,Jimmy Stanger,44,0.18,7.8,-0.48,0,
757,745,Luke Jerling,42,0.18,7.44,-0.24,1.4,
758,749,Minkyu Kim,48,0.18,8.48,-0.63,0,
759,758,Desne van den Bergh,40,0.18,7.01,-0.15,0,
759,751,Zach Wright,40,0.18,7.01,-0.59,0,
759,755,Thomas Bjørn,40,0.18,7.01,-0.46,0,
762,756,Daniel Fox,42,0.17,7.32,-0.43,0,
763,760,Fredrik Nilehn,40,0.17,6.94,-0.35,0,
764,757,Prayad Marksaeng,40,0.17,6.93,-0.47,0,
765,761,Mikael Lindberg,44,0.17,7.61,-0.35,0,
766,765,Jongheon Park,40,0.17,6.91,-0.2,0,
767,763,Davis Love III,40,0.17,6.89,-0.4,0,
768,768,Koki Shiomi,40,0.17,6.87,-0.09,0,
769,765,Timon Baltl,40,0.17,6.87,-0.33,0,
770,780,Alejandro Cañizares,40,0.17,6.85,-0.49,0,
771,771,Chonlatit Chuenboonngam,40,0.17,6.84,-0.22,0,
772,770,Ruan de Smidt,52,0.17,8.89,-0.3,0,
772,764,Vijay Singh,40,0.17,6.84,-0.45,0,
774,762,Steve Marino,40,0.17,6.82,-0.64,0,
775,774,Eduardo De La Riva,40,0.17,6.81,-0.27,0,
776,777,Sutijet Kooratanapis,48,0.17,8.15,-0.34,0,
777,775,M Miller,40,0.17,6.79,-0.32,0,
778,775,Jae-Ho Kim,40,0.17,6.76,-0.4,0,
779,772,Ricardo Gouveia,52,0.17,8.78,-0.62,0,
780,783,Kyle Barker,40,0.17,6.73,-0.26,0,
780,782,Lukas Nemecz,40,0.17,6.73,-0.27,0,
782,769,Steven Jeffress,40,0.17,6.72,-0.63,0,
783,866,Tatsuya Kodai,47,0.17,7.88,-0.45,1.2,
784,785,Oliver Gillberg,40,0.17,6.7,-0.26,0,
784,780,Sam Gillis,40,0.17,6.7,-0.45,0,
784,772,Brady Schnell,52,0.17,8.71,-0.82,0,
787,784,Sam Fidone,40,0.17,6.65,-0.45,0,
787,789,Takahiro Hataji,40,0.17,6.65,-0.24,0,
789,788,Mardan Mamat,43,0.17,7.14,-0.29,0,
790,797,James Du Preez,40,0.17,6.62,-0.03,0,
791,787,Hyung-Sung Kim,50,0.17,8.27,-1.07,0,
791,789,Andres Gonzales,40,0.17,6.62,-0.31,0,
793,793,Garrick Porteous,42,0.16,6.93,-0.29,0,
794,796,Kasidit Lepkurte,40,0.16,6.59,-0.18,0,
795,785,Tom Murray,50,0.16,8.23,-0.75,0,
795,793,Lee Dong-Min,40,0.16,6.59,-0.3,0,
797,795,Steve LeBrun,40,0.16,6.56,-0.36,0,
798,778,Steve Stricker,40,0.16,6.56,-0.95,0,
799,792,Eric Steger,40,0.16,6.55,-0.45,0,
800,791,Shariffudin Ariffin,40,0.16,6.55,-0.46,0,
801,808,Jonas Kolbing,44,0.16,7.18,-0.52,0,
801,804,Erik Barnes,48,0.16,7.83,-0.67,0,
803,767,Daniel Nisbet,45,0.16,7.33,-0.93,0,
803,798,Jordan Zunic,40,0.16,6.51,-0.35,0,
805,800,Jake Higginbottom,49,0.16,7.97,-0.34,0,
806,799,Chang-won Han,40,0.16,6.49,-0.41,0,
806,778,JJ Senekal,45,0.16,7.3,-0.78,0,
808,802,Nicolai Kristensen,47,0.16,7.61,-0.4,0,
809,803,Billy Hemstock,40,0.16,6.46,-0.35,0,
810,800,Seung-taek Lee,40,0.16,6.45,-0.44,0,
810,812,Will Gordon,40,0.16,6.45,-0.11,0,
812,807,Dominic Foos,40,0.16,6.44,-0.3,0,
813,810,Boo Weekley,40,0.16,6.44,-0.19,0,
814,808,Ethan Tracy,44,0.16,7.03,-0.47,0,
815,811,Clodomiro Carranza,40,0.16,6.38,-0.35,0,
816,805,Ben Kohles,48,0.16,7.65,-0.67,0,
817,815,Ake Nilsson,43,0.16,6.81,-0.36,0,
818,814,Scott Henry,47,0.16,7.44,-0.44,0,
819,805,Estiaan Conradie,42,0.16,6.64,-0.24,0,
820,819,Blake Proverbs,40,0.16,6.31,-0.25,0,
821,816,Thitiphun Chuayprakong,40,0.16,6.29,-0.42,0,
822,821,Jae-Min Hwang,40,0.16,6.28,-0.27,0,
823,820,David Micheluzzi,40,0.16,6.26,-0.36,0,
824,822,Lu Wei-chih,40,0.16,6.24,-0.38,0,
825,817,Nick Cullen,42,0.16,6.55,-0.52,0,
826,822,Alexandre Rocha,40,0.16,6.23,-0.4,0,
827,827,Raththee Sirithanakunsak,40,0.16,6.23,-0.22,0,
828,824,Matt Ford,43,0.16,6.68,-0.42,0,
829,826,Mark Haastrup,46,0.15,7.08,-0.56,0,
830,829,Kunihiro Kamii,42,0.15,6.45,-0.63,0,
831,828,Billy Hurley III,40,0.15,6.13,-0.28,0,
832,813,Khalin Joshi,52,0.15,7.97,-0.9,0,
833,835,Blake Windred,40,0.15,6.08,-0.23,0,
833,829,Chinnarat Phadungsil,40,0.15,6.08,-0.33,0,
835,834,Chip McDaniel,40,0.15,6.08,-0.28,0,
836,833,Gustav Adell,40,0.15,6.07,-0.33,0,
836,835,Cory Crawford,42,0.15,6.37,-0.29,0,
838,832,Masaru Takahashi,40,0.15,6.06,-0.36,0,
839,837,Oliver Lindell,40,0.15,6.04,-0.27,0,
840,845,Benjamin Rusch,51,0.15,7.69,-0.55,0,
841,841,Marco Penge,40,0.15,6.03,-0.25,0,
841,831,Mateusz Gradecki,47,0.15,7.08,-0.53,0,
843,837,Wade Binfield,40,0.15,6.02,-0.34,0,
844,843,Kevin Yuan,42,0.15,6.32,-0.26,0,
845,839,Pep Angles,42,0.15,6.3,-0.36,0,
846,846,Alejandro Tosti,40,0.15,6,,0,
846,846,Puma Dominguez,40,0.15,6,,0,
848,817,Yusaku Miyazato,52,0.15,7.79,-1.07,0,
848,844,Nicolas Paez,40,0.15,5.99,-0.24,0,
850,840,David Lingmerth,52,0.15,7.75,-0.61,0,
851,852,Chun-an Yu,40,0.15,5.95,,0,
852,842,Trevor Cone,40,0.15,5.92,-0.56,0,
852,850,Hennie O'Kennedy,40,0.15,5.92,-0.12,0,
854,849,Adam Blyth,40,0.15,5.88,-0.36,0,
855,853,Lin Yung-lung,40,0.15,5.87,-0.23,0,
856,846,Cody Gribble,47,0.15,6.88,-0.52,0,
857,858,Rowin Caron,40,0.15,5.83,-0.24,0,
858,856,Chris Naegel,40,0.15,5.83,-0.32,0,
859,851,Ben Eccles,47,0.15,6.82,-0.54,0,
860,861,Greg Yates,40,0.14,5.8,-0.25,0,
861,872,Daisuke Matsubara,42,0.14,6.08,-0.39,0,
862,853,Seth Reeves,52,0.14,7.52,-0.69,0,
863,863,Will Enefer,40,0.14,5.78,-0.24,0,
863,855,Martin Flores,49,0.14,7.08,-0.58,0,
865,857,MD Zamal Hossain,40,0.14,5.76,-0.47,0,
866,873,Brady Watt,40,0.14,5.75,-0.04,0,
867,867,Shad Tuten,40,0.14,5.74,-0.2,0,
868,860,Lee Jung-hwan,40,0.14,5.73,-0.51,0,
869,868,Jason Smith,48,0.14,6.86,-0.25,0,
870,864,Derek Fathauer,41,0.14,5.85,-0.88,0,
871,870,Witchayanon Chothirunrungru,40,0.14,5.69,-0.25,0,
872,870,Xavier Poncelet,40,0.14,5.69,-0.3,0,
873,875,Chandler Blanchet,40,0.14,5.67,-0.2,0,
874,858,Callum Mowat,43,0.14,6.09,-0.36,0,
875,884,Jason Froneman,40,0.14,5.65,-0.04,0,
876,868,Miguel Angel Jiménez,40,0.14,5.64,-0.45,0,
877,876,Niclas Johansson,44,0.14,6.2,-0.27,0,
878,877,Bradley Moore,40,0.14,5.63,-0.21,0,
879,878,Konosuke Nakazato,40,0.14,5.61,-0.22,0,
880,878,Jarand Ekeland Arnoy,40,0.14,5.61,-0.22,0,
881,862,Ben Campbell,40,0.14,5.6,-0.8,0,
882,881,Byung-Jun Kim,40,0.14,5.6,-0.23,0,
883,883,Netipong Sritonginn,50,0.14,6.99,-0.69,0,
884,881,Danny Walker,40,0.14,5.56,-0.33,0,
884,887,Haimeng Chao,47,0.14,6.54,-0.24,0,
886,888,K.P. Lin,40,0.14,5.56,-0.19,0,
887,880,Ashley Hall,40,0.14,5.52,-0.48,0,
888,889,Peter Cooke,40,0.14,5.52,-0.27,0,
889,890,Sangpil Yoon,40,0.14,5.51,-0.25,0,
890,895,Marcel Siem,47,0.14,6.46,-0.43,0,
890,893,Priyanshu Singh,40,0.14,5.5,-0.2,0,
892,886,Brett Stegmaier,41,0.14,5.63,-0.45,0,
893,891,Alexander Knappe,45,0.14,6.17,-0.34,0,
894,885,Pedro Figueiredo,52,0.14,7.07,-0.81,0,
895,894,Varut Chomchalam,40,0.14,5.43,-0.21,0,
896,865,John Huh,43,0.14,5.83,-1.31,0,
897,896,Takashi Iwamoto,40,0.14,5.42,-0.2,0,
898,899,Michael Sim,40,0.14,5.42,-0.1,0,
899,902,Tommy Cocha,40,0.13,5.35,-0.27,0,
900,905,Derek Barron,40,0.13,5.35,-0.2,0,
901,904,Braden Thornberry,40,0.13,5.33,-0.27,0,
902,897,David Skinns,43,0.13,5.71,-0.55,0,
903,906,Madalitso Muthiya,40,0.13,5.3,-0.33,0,
904,913,Mithun Perera,40,0.13,5.29,-0.05,0,
905,907,Koichi Kitamura,40,0.13,5.29,-0.33,0,
906,925,Brandon Matthews,44,0.13,5.8,-0.17,0,
907,900,Matthew Nixon,41,0.13,5.41,-0.54,0,
908,919,Max Rottluff,48,0.13,6.31,-0.46,0,
909,908,Namchoak Tantipokakul,44,0.13,5.77,-0.41,0,
910,911,Garth Mulroy,40,0.13,5.24,-0.27,1.76,
911,909,Poom Pattaropong,49,0.13,6.41,-0.43,0,
911,892,James Hahn,40,0.13,5.24,-1.65,0,
913,915,Dawson Armstrong,40,0.13,5.23,-0.23,0,
914,898,Marco Iten,48,0.13,6.26,-0.48,0,
915,920,Aaron Wilkin,40,0.13,5.22,-0.08,0,
916,901,Toru Taniguchi,40,0.13,5.2,-0.72,0,
917,912,Shinichi Mizuno,45,0.13,5.84,-0.46,0,
918,913,Honney Baisoya,40,0.13,5.19,-0.37,0,
919,910,Joel Girrbach,48,0.13,6.21,-0.63,0,
920,916,Cristobal Del Solar,40,0.13,5.15,-0.39,0,
920,923,Joey Lane,40,0.13,5.15,-0.2,0,
920,921,Felix Mory,40,0.13,5.15,-0.25,0,
923,903,Callum Tarren,51,0.13,6.55,-0.7,0,
924,917,Tirawat Kaewsiribandt,49,0.13,6.29,-0.54,0,
924,918,Tom Lovelady,44,0.13,5.65,-0.87,0,
926,922,Sung-ho Yun,40,0.13,5.12,-0.3,0,
926,939,Jayden Schaper,40,0.13,5.12,,5.12,
928,926,Kevin Lucas,40,0.13,5.11,-0.25,0,
929,926,Jan Cafourek,40,0.13,5.1,-0.26,0,
930,926,Bryan Bigley,40,0.13,5.09,-0.3,0,
931,924,Peter Hanson,40,0.13,5.08,-0.39,0,
932,936,Junhyeok Park,40,0.13,5.08,-0.17,0,
933,934,Jonathan Agren,40,0.13,5.05,-0.29,0,
934,938,Edouard Dubois,40,0.13,5.03,-0.28,0,
934,935,Mark Brown,40,0.13,5.03,-0.32,0,
936,930,Pieter Moolman,47,0.13,5.9,-0.48,0,
936,932,Horacio León,40,0.13,5.02,-0.4,0,
938,941,Dylan Boshart,40,0.13,5.02,-0.2,0,
939,940,Daniel Gavins,43,0.13,5.39,-0.28,0,
940,932,David Borda,41,0.13,5.13,-0.45,0,
941,950,Abinav Lohan,40,0.13,5,,0,
942,941,Dylan Ko,40,0.12,4.99,-0.25,0,
943,943,Casey O'Toole,40,0.12,4.98,-0.25,0,
944,936,Sebastien Gros,42,0.12,5.21,-0.55,0,
945,947,Toru Nakajima,40,0.12,4.95,-0.2,0,
945,945,Andreas Gronkvist,40,0.12,4.95,-0.27,0,
947,949,Guxin Chen,40,0.12,4.95,-0.2,0,
947,950,Panuwat Bulsombath,40,0.12,4.95,-0.05,0,
947,947,Carlos Pigem,52,0.12,6.43,-0.28,0,
950,930,Christiaan Basson,45,0.12,5.54,-0.41,0,
951,952,Lloyd Jefferson Go,40,0.12,4.9,-0.23,0,
952,945,Steven Ihm,40,0.12,4.89,-0.46,0,
953,959,Hinrich Arkenau,42,0.12,5.09,-0.43,0,
954,957,Alex Chiarella,40,0.12,4.83,-0.2,0,
955,956,Craig Ross,41,0.12,4.94,-0.28,0,
956,929,Malcolm Kokocinski,44,0.12,5.29,-0.8,0,
957,953,Dongha Lee,40,0.12,4.8,-0.43,0,
958,967,Justin Warren,40,0.12,4.8,,0,
959,960,Grant Hirschman,40,0.12,4.79,-0.18,0,
960,965,Camilo Aguado,40,0.12,4.78,-0.13,0,
961,963,Scott Gutschewski,40,0.12,4.77,-0.19,0,
961,962,Paul Haley II,40,0.12,4.77,-0.21,0,
961,955,Max Orrin,48,0.12,5.73,-0.54,0,
964,960,Albert Venter,46,0.12,5.48,-0.28,0,
965,954,Dong Seop Maeng,40,0.12,4.74,-0.6,0,
966,968,Brandon Wu,40,0.12,4.72,-0.16,0,
967,969,Taylor MacDonald,40,0.12,4.71,-0.16,0,
968,966,Christopher Mivis,43,0.12,5.06,-0.35,0,
969,,Toby Tree,40,0.12,4.67,-0.44,1.37,
970,964,Raphael Jacquelin,52,0.12,6.06,-0.66,0,
971,971,Shunyat Hak,44,0.12,5.12,-0.34,0,
972,972,Brian Richey,45,0.12,5.23,-0.32,0,
972,958,Taylor Moore,40,0.12,4.65,-0.7,0,
974,977,Jyoti Randhawa,40,0.12,4.63,-0.08,0,
975,969,Andre De Decker,40,0.12,4.61,-0.47,0,
976,973,Peter Campbell,40,0.12,4.6,-0.29,0,
977,988,Mito Pereira,42,0.11,4.82,-0.28,0,
978,975,Ian Holt,40,0.11,4.58,-0.28,0,
979,976,Heung-Chol Joo,46,0.11,5.26,-0.33,0,
980,979,Drew Nesbitt,40,0.11,4.57,-0.2,0,
980,974,Joseph Winslow,42,0.11,4.79,-0.38,0,
982,981,Ryan Campbell,40,0.11,4.56,-0.16,0,
983,983,Byron Meth,40,0.11,4.55,-0.18,0,
983,978,Antti Ahokas,40,0.11,4.55,-0.29,0,
985,981,Brad Gehl,40,0.11,4.54,-0.2,0,
986,985,Joel Stalter,40,0.11,4.54,-0.17,0,
987,986,Bradley Neil,47,0.11,5.32,-0.2,0,
988,989,Hubert Tisserand,40,0.11,4.5,-0.18,0,
989,825,Rahil Gangjee,52,0.11,5.85,-0.79,0,
990,989,Kazuma Kobor,40,0.11,4.49,-0.23,0,
991,979,Michael Hoey,48,0.11,5.38,-0.53,0,
992,991,Young-Woon Kim,40,0.11,4.48,-0.22,0,
993,,Choi Min-Chel,42,0.11,4.69,-0.39,1.82,
994,996,Tag Ridings,40,0.11,4.45,-0.25,0,
994,984,J.J. Henry,52,0.11,5.79,-0.59,0,
994,995,Juran Dreyer,40,0.11,4.45,-0.24,1.4,
997,997,Daniel Young,40,0.11,4.45,-0.17,0,
998,991,Gareth Paddison,40,0.11,4.43,-0.36,0,
